abandon ,əˈbændən  ," покидать, оставлять, самовольно уходить"
abate ,əˈbeɪt  ," уменьшать, ослаблять, умерять"
abbreviation ,əˌbriːvɪˈeɪʃ(ə)n  ," сокращение, урезание (текста при письме, ресурсов)"
abduct ,æbˈdʌkt  ," похищать, насильно уводить"
abhor ,əbˈhɔː  , питать отвращение
abject liar ,ˈæbʤɛkt ˈlaɪə  , подлый лжец
able(,ˈeɪbl( ,bodied) seaman 
abolish ,əˈbɒlɪʃ  ," аннулировать, отменять, упразднять"
abominate ,əˈbɒmɪneɪt  ," питать отвращение, ненавидеть"
abort ,əˈbɔːt  ," аварийное прекращение (полета, запуска)"
abrupt ,əˈbrʌpt  , внезапный
absolve ,əbˈzɒlv  ," освобождать, избавлять (от ответственности, долгов, наказания)"
abstain ,əbˈsteɪn  , воздерживаться
abstruse ,æbˈstruːs  ," глубокомысленный, серьезный"
absurd ,əbˈsɜːd  ," нелепый, абсурдный"
abundant supplys ,əˈbʌndənt səˈplaɪz  , богатые запасы
abyss ,əˈbɪs  ," бездна, пропасть, пучина"
accessible ,əkˈsɛsəbl  , доступный
acclaim ,əˈkleɪm  , шумное приветствие
accomplice ,əˈkɒmplɪs  ," сообщник, соучастник (преступления)"
accurate record ,ˈækjʊrɪt ˈrɛkɔːd  , точная запись
accuse ,əˈkjuːz  ," винить, обвинять, упрекать"
acid drops ,ˈæsɪd drɒps  , леденцы (с кисло
acquaint ,əˈkweɪnt  , (acquaint with) знакомить с (кем
acquiesce ,ˌækwɪˈɛs  ," уступать, молча соглашаться"
acrid ,ˈækrɪd  ," острый, резкий (на вкус)"
actuate ,ˈæktjʊeɪt  , приводить в действие
acute abdomen ,əˈkjuːt ˈæbdəmɛn  , острый живот
adamant ,ˈædəmənt  ," адамант, твердый минерал или твердый металл"
adapt ,əˈdæpt  , приспосабливать
adept ,ˈædɛpt  ," знаток, эксперт, специалист"
adequate ,ˈædɪkwɪt  ," адекватный, соответствующий"
adhere (adhere to) ,ədˈhɪə (ədˈhɪə tuː)  ," прилипать, приставать, приклеиваться, хвататься"
adjacent angle ,əˈʤeɪsənt ˈæŋgl  , смежный угол
adjourn ,əˈʤɜːn  ," откладывать, отсрочивать, прерывать, переносить"
admonish ,ədˈmɒnɪʃ  , предостерегать
adorn ,əˈdɔːn  , украшать
advent ,ˈædvənt  ," наступление (эпохи, события), прибытие, приход"
adverse reaction ,ˈædvɜːs ri(ː)ˈækʃən  , отрицательная реакция
advocate ,ˈædvəkɪt  , защитник
advocate ,ˈædvəkɪt  ," сторонник, приверженец (точки зрения, образа жизни)"
affable ,ˈæfəbl  , приветливый
affect ,əˈfɛkt  , аффект
affiliate ,əˈfɪlɪeɪt  ," филиал, отделение"
affinity ,əˈfɪnɪti  ," близость, родство (эмоциональное), влечение, тяга"
affluent society ,ˈæflʊənt səˈsaɪəti  ," богатое общество, общество изобилия"
aggravate ,ˈægrəveɪt  ," отягчать, усугублять"
ambient ,ˈæmbɪənt," окружающий, внешний"
ambiguous,[æm'bigjuəs],двусмысленный
ambivalence,[æm'biv(ə)lən(t)s],"двойственный подход (к кому-л., чему-л.); неуверенность; метания; нерешительность"
ambivalent,[æm'biv(ə)lənt],"двойственный, противоречивый"
amelioration,"[ə,mi:li(ə)'rei∫(ə)n]",мелиорация; улучшение почв
amenable,[ə'mi:nəbl],ответственный
amicable,['æmikəbl],"дружелюбный, дружеский, дружественный, товарищеский"
amnesia victim,,"человек, потерявший память"
amnesty,['æmnəsti],"амнистия, помилование, прощение"
analogous,[ə'næləgəs],"аналогичный; похожий, сходный, схожий"
anecdote,['ænikdəut],"эпизод, случай (обычно забавный или поучительный, представляющий интерес)"
annex,['æneks],"приложение, дополнение (к тексту, договору, книге)"
annual inventory,,сплошная инвентаризация в конце отчётного года
anonymous,[ə'nоniməs],"анонимный, безымянный, неподписанный"
antagonism,[æn'tægəniz(ə)m],"вражда; враждебность, неприязнь"
antagonist,[æn'tægənist],"антагонист; соперник; враг, противник"
antebellum,"[,ænti'beləm]","довоенный, произошедший перед войной"
antedate,"[,ænti'deit]","дата, поставленная задним числом (обычно в письме)"
to anticipate payment,,уплатить раньше срока
antique art,,античное искусство
anxious,['æɳ(k)∫əs],"озабоченный, беспокоящийся"
apathy,['æpəθi],"апатия, безразличие; вялость; индифферентность"
Apollonian,"[,æpə'ləuniən]",подобный Аполлону (богу Солнца у древних греков и римлян); прекрасный (классической красотой)
apparent contradiction,,очевидное противоречие
appealing,[ə'pi:liɳ],"трогательный, умоляющий"
appease,[ə'pi:z],"успокаивать; умиротворять, унимать, усмирять"
applaud,[ə'plo:d],"аплодировать, хлопать, рукоплескать"
appraise,[ə'preiz],"оценивать, расценивать, производить оценку; устанавливать цену"
apprise,[ə'praiz],"(apprise of) извещать, информировать, объявлять, оповещать о (чём-л.)"
approbation,"[,æprə(u)'bei∫(ə)n]","одобрение, похвала, хвала, восхваление"
apt,[æpt],"подходящий, соответствующий, уместный; удачный"
aqueous,['eikwiəs],"водный, водяной; водянистый"
arable land,,"пахотная земля, пашня"
arduous,['a:djuəs],"трудный, тяжёлый"
arid region,,аридная область
armistice,['a:mistis],"прекращение военных действий; короткое перемирие, прекращение огня"
aroma,[ə'rəumə],"аромат, приятный запах"
arrogant,['ærəgənt],"заносчивый, высокомерный, надменный"
articulate,[a:'tikjələt],"чёткий, членораздельный"
artificial atmosphere,,кондиционированный воздух
ascertain,"[,æsə'tein]","выяснять, устанавливать; убеждаться, удостоверяться"
assail,[ə'seil],"нападать, атаковать"
assault,[ə'so:lt],"атаковать, штурмовать, идти на приступ"
assert,[ə'sə:t],"утверждать; заявлять, декларировать,"
assiduous,[ə'sidjuəs],"усердный, прилежный; неутомимый, старательный, трудолюбивый"
to assimilate into,,"освоиться, прижиться, приспособиться"
astonishing,[ə'stоni∫iɳ],"изумительный, ошеломительный, поразительный, удивительный"
astute,[ə'stju:t],"хитроумный, хитрый, ловкий, коварный"
atone,[ə'təun],"заглаживать, искупать (грех, вину)"
atrocious,[ə'trəu∫əs],"свирепый, жестокий, зверский, ужасающий; свирепый, жестокий, зверский, ужасающий"
to attain equilibrium,,достигать равновесия
attribute,['ætribju:t],"отличительная черта, характерное свойство; неотъемлемый признак,"
audacious,[o:'dei∫əs],"бесстрашный, отважный, смелый, храбрый"
auditory acuity,,острота слуха
augment,['o:gmənt],"аугмент, приращение (чаще всего в греческом языке и санскрите)"
august,[o:'g∧st],августейший (о монархе)
austere,[o:'stiə],строгий
authentic manuscript,,оригинал
authorize,['o:θ(ə)raiz],уполномочивать; поручать
autocracy,[o:'tоkrəsi],"автократия, абсолютизм, самодержавие"
automaton,[o:'tоmət(ə)n],автомат
autonomy,[o:'tоnəmi],независимость
avalanche,['æv(ə)la:n(t)∫],"лавина, обвал (снега, земли, льда в горах)"
avarice,['ævəris],"алчность; жадность, скупость"
aversion,[ə'və:∫(ə)n],"отвращение, антипатия (to)"
avert,[ə'və:t],отворачиваться; отводить (взгляд)
aviator,['eivieitə],"авиатор, лётчик, пилот"
avid,['ævid],"жадный, скупой; алчный (к чему-л., до чего-л. - of, for)"
avoid,[ə'vоid],"избегать, остерегаться, сторониться, уклоняться"
avouch,[ə'vauʧ],"заявлять, утверждать"
bacchanalian,"[,bækə'neiliən]","пьяница, гуляка, кутила"
bachelor apartment,,однокомнатная квартира
backbreaking job,,непосильное задание; каторжный труд
to baffle pursuit,,ускользать от преследования
bald,[bo:ld],"вершина гор, лишённая растительности"
balmy,['ba:mi],"ароматный, благоухающий"
ban,[bæn],запрещение
bankrupt,['bæɳkr∧pt],несостоятельный должник; банкрот
bare facts,,голые факты
barren land,,"бесплодная, тощая земля"
barter away,,продать по очень низкой цене
bashful,['bæ∫fəl],"застенчивый, робкий, скромный"
bead,[bi:d],"шарик (со сквозным отверстием), бусина, бисерина"
beam splitter,"['bi:m,splitə]","светоделитель, конструкция из призм и зеркал"
to bear a bob,,хором подхватить припев
beckon,['bek(ə)n],"подзывать кивком головы; манить, делать знак (рукой, пальцем)"
becoming,[bi'k∧miɳ],"подобающий, приличествующий, соответствующий"
befall,[bi'fo:l],"приключаться, происходить, случаться, совершаться"
bellicose mood,,воинственное настроение
belligerence,[be'liʤərən(t)s],воинственность; агрессивность
belligerent,[bi'liʤər(ə)nt],воюющая сторона (в войне); воюющая сторона (в войне)
beneficiary,"[,beni'fi∫əri]","владелец бенефиция, доходной должности (в католической и англиканской церквах)"
benefit in kind,,натуральное пособие
benevolent,[bi'nevələnt],"благожелательный, благосклонный"
bequeath,[bi'kwi:∂],"завещать (движимость, деньги)"
besiege,[bi'si:ʤ],"осаждать; блокировать, окружать"
bestow,[bi'stəu],"давать, даровать, награждать"
betray,[bi'trei],"изменять, предавать, продавать"
beverage,['bevəriʤ],напиток
bias,['baiəs],"наклон, покатость, склон, уклон"
bicker,['bikə],перебранка
bilateral treaty,,двусторонний договор
biography,[bai'оgrəfi],биография
bland,[blænd],вежливый; ласковый; вкрадчивый
blatant lie,,наглая ложь
blend,[blend],смешивать; изготовлять смесь
blizzard,['blizəd],"снежная буря, буран, пурга"
bloom,[blu:m],"цвет, цветение"
to bluff it out,,выкрутиться
blunder away,,упустить
blunt angle,,тупой угол; срезанный угол
bold type,,жирный шрифт
bolster,['bəulstə],"валик под подушкой; подушечка (для сидения, облокачивания)"
boom box,,бум-бокс (стереомагнитофон или проигрыватель компакт-дисков)
bothersome,['bо∂əs(ə)m],"надоедливый, докучливый, назойливый; беспокойный, неугомонный"
bough,[bau],сук
brace box,,"коробка, содержащая раздаваемую колоду, сделанная так, что сдающий может жульничать"
breakthrough,['breikθru:],проникновение внутрь (через барьер любого рода)
breathtaking speed,,захватывающая скорость
to breed ill blood,,"сеять раздоры, ссорить"
breeze block,['bri:zblоk],шлакобетонный блок
brilliant,['briliənt],бриллиант
to brisk about,,быстро двигаться
brittle,['britl],"ломкий, хрупкий"
broach to,,повернуть корабль боком к волнам
brochure,['brəu∫uə],"брошюра, буклет, проспект"
brutal,['bru:tl],"бесчеловечный, жестокий, зверский"
bulky,['b∧lki],"большой, объёмистый; громоздкий, занимающий много места"
buttress up by facts,,подкреплять фактами
cajole,[kə'ʤəul],"умасливать, упрашивать, склонять лестью (к чему-л.)"
calamity howler,,"человек, постоянно предсказывающий какое-л. бедствие; паникёр; пессимист"
calm,[ka:m],"спокойный, мирный, невозмутимый"
camouflage,['kæməfla:Ʒ],"камуфляж, маскировка; маскировочные средства"
canvass,['kænvəs],"обсуждать; дебатировать, дискутировать, спорить; подробно обсуждать"
capable,['keipəbl],(of) способный на что-л.
captivate,['kæptiveit],"очаровывать, пленять, покорять, увлекать"
captor,['kæptə],"тот, кто захватил кого-л. в плен; тюремщик, поработитель"
carefree,['kɛəfri:],"беззаботный, беспечный, легкомысленный"
caricature,"[,kærikə'tjuə]",карикатура
carnage,['ka:niʤ],"резня, кровавая бойня, побоище"
carve out,,добиваться
to cast a chill over,,расхолаживать
casual acquaintance,,"случайная встреча, случайное знакомство"
cataclysm,['kætəkliz(ə)m],катаклизм; катастрофа
catastrophe,[kə'tæstrəfi],"катастрофа, трагедия; несчастье, беда"
caustic lime,,негашёная известь
cautious,['ko:∫əs],"осторожный, осмотрительный; предусмотрительный"
cavity magnetron,,"магнетрон, обеспечивающий большой выход энергии"
celebrated,['seləbreitid],"знаменитый; выдающийся, прославленный"
to censor the press,,осуществлять цензуру печати
censure,['sen(t)∫ə],"неодобрение, осуждение, порицание"
census paper,,"бланк, заполняемый при переписи"
centennial,[sen'teniəl],"вековой, столетний"
chaffer,['ʧæfə],"спор (из-за цены), торг"
chaos theory,,"теория хаоса (раздел математики, изучающий сложное поведение динамических систем)"
charming personality,,"харизматическая, притягательная личность"
chasm,['kæz(ə)m],"глубокая трещина, расщелина; щель"
cherish,['ʧeri∫],"заботливо относиться, ухаживать; холить и лелеять"
chicanery,[∫i'kein(ə)ri],крючкотворство; сутяжничество; бюрократические придирки; увиливание
chide,[ʧaid],"распекать, ругать, бранить; винить; ворчать"
chilly,['ʧili],холодный; прохладный
choice word,,меткое слово
chop down,,"срубать, вырубать"
chubby,['ʧ∧bi],"круглолицый, полнощёкий"
cicerone,"[,ʧiʧə'rəuni]","чичероне, гид, экскурсовод, проводник"
cite,[sait],ссылаться (на что-л.)
clandestine meeting,,"тайное, нелегальное собрание"
clash,[klæ∫],сталкиваться; ударяться друг о друга (обычно об оружии)
classify,['klæsifai],"классифицировать, систематизировать"
clever trick,,хитроумная выходка
cliché,['kli:∫ei],клише (печатная форма для воспроизведения иллюстраций)
cling film,['kliɳfilm],плёнка для пищевых продуктов
clumsy,['kl∧mzi],"неповоротливый, неуклюжий, нескладный, неловкий"
coalescence,[kəuə'les(ə)n(t)s],"сращивание, срастание"
coalition cabinet,,коалиционное правительство
coax,[kəuks],"убеждать, упрашивать, уговаривать"
coherent story,,"логичный, последовательный рассказ"
coin box,['kоinbоks],"монетоприёмник (телефона-автомата, игрового автомата)"
collaborate,[kə'læb(ə)reit],"работать совместно, сотрудничать"
colossal,[kə'lоs(ə)l],"(очень) большой, грандиозный, громадный, колоссальный"
commence,[kə'men(t)s],начинать
commerce,"['kоmə:s, kəmə:s]",(оптовая) торговля; коммерция
commitment warrant,,приказ о заключении под стражу; ордер на арест
commodity capital,,товарный капитал
compact,[kəm'pækt],"компактный; имеющий оптимальную форму, занимающий мало места"
compel,[kəm'pel],"заставлять, вынуждать, принуждать"
competent majority,,необходимое по закону большинство
compile,[kəm'pail],"выбирать информацию, собирать материал (из разных источников)"
compliment,['kоmplimənt],"любезность, комплимент"
comply,[kəm'plai],"(with) исполнять (просьбу, требование), удовлетворять (запросы, пожелания)"
component part,,"компонента, составляющая, интегральная часть"
comprehensible,"[,kоmpri'hen(t)səbl]","понятный, постижимый, ясный"
comprehensive insurance,,полное страхование
comprise,[kəm'praiz],"включать; заключать в себе, содержать"
compulsory education,,обязательное образование
concede,[kən'si:d],уступать (что-л.); отказываться (от чего-л.); передавать (что-л.)
concise,[kən'sais],"краткий; сжатый; лаконичный, немногословный (о речи, стиле письма)"
concoct,[kən'kоkt],состряпать (что-н. необычное из разных продуктов)
concord,['kоɳko:d],согласованность (действий и явлений); согласие
concrete evidence,,конкретные улики
concurrent,[kən'k∧r(ə)nt],сопутствующее обстоятельство
condemn,[kən'dem],"осуждать, порицать"
condone,[kən'dəun],"мириться с чем-л.; попустительствовать, потворствовать чему-л."
conducive,[kən'dju:siv],"благоприятный, подходящий; способствующий"
confer,[kən'fə:],"(confer on) жаловать (кого-л.); даровать, давать (кому-л.)"
confidential information,,"конфиденциальная информация, секретная информация"
configuration,"[kən,figju'rei∫(ə)n]",конфигурация; очертание; форма
confiscate,['kоnfiskeit],"конфисковать; реквизировать, наложить арест"
conflict of laws,,коллизионное право; частное международное право
conform,[kən'fo:m],"согласовывать, сообразовывать, приводить к соответствию"
congenial,[kən'ʤi:niəl],"сходный, близкий по духу; родственный"
congestion charge,,плата за въезд на перегруженную территорию (для ограничения автомобильного потока)
congregate,['kоɳgrigeit],собирать
consecutive clause,,придаточное предложение следствия
consequential,"[,kоn(t)si'kwen(t)∫(ə)l]","косвенный, побочный, непрямой (о результате)"
consistent,[kən'sist(ə)nt],"последовательный, стойкий"
conspicuous,[kən'spikjuəs],"видный, заметный, бросающийся в глаза"
construe,[kən'stru:],"толковать, объяснять, истолковывать"
contaminate,[kən'tæmineit],загрязнять; отравлять
contemplate,['kоntəmpleit],"обозревать, созерцать; пристально разглядывать"
contempt of court,,"оскорбление суда, неуважение к суду"
contention,[kən'ten(t)∫(ə)n],"спор; раздор, разногласие; разборка; ссора"
contrive,[kən'traiv],"придумывать, изобретать; разрабатывать"
controversial,"[,kоntrə'və:∫(ə)l]","спорный, сомнительный; дискуссионный"
controversy,['kоntrəvə:si],"дебаты, дискуссия, полемика, спор"
convey,[kən'vei],"перевозить, переправлять"
conviction,[kən'vik∫(ə)n],"осуждение, признание виновным"
conviviality,"[kən,vivi'æləti]","весёлость; праздничное, весёлое настроение"
copious,['kəupiəs],"обильный; богатый, обширный"
cordial reception,,сердечный приём
corporeal,[ko:'po:riəl],телесный (в противопоставлении духовному)
corpulent,['ko:pjulənt],"дородный, жирный, полный, тучный"
courteous,['kə:tiəs],"вежливый, обходительный, учтивый, любезный"
covert,['k∧vət],"убежище, прибежище"
cozy up,"[,kəuzi'∧p]",делать уютнее
crave,[kreiv],"(crave for, crave after) страстно желать, жаждать; тосковать (о чём-л.)"
crease up,,помирать со смеху
crooked nail,,костыль
crouch,[krauʧ],"припадать к земле; согнуться, сжаться"
crucial game,,решающая игра
crude iron,,необработанное железо
cruel and unusual punishment,,"пытка или наказание, несоразмерные тяжести преступления"
cryptic remark,,"непонятное, загадочное высказывание; загадочная реплика"
to cultivate land,,обрабатывать землю
cumbersome,['k∧mbəsəm],"громоздкий, объёмный"
curb bit,,мундштучные удила
curious,['kjuəriəs],"любопытный; любознательный, пытливый"
curt refusal,,"короткий, резкий отказ"
curtail,[kə:'teil],"сокращать, укорачивать; урезывать, уменьшать"
daring,['dɛəriɳ],"смелость; отвага; бесстрашие, мужество, храбрость; дерзость"
daunt,[do:nt],"обуздывать, укрощать; подчинять, покорять"
dazzle,['dæzl],ослепление
decadent,['dekəd(ə)nt],декадент
decipher,[di'saifə],"декодировать, раскодировать, расшифровывать, дешифровать"
declivity,[di'kliviti],склон; откос; покатость; спуск; уклон
decorate,['dek(ə)reit],"украшать, убирать"
decorous,['dek(ə)rəs],"благопристойный, порядочный, приличный, пристойный"
decrement,['dekrimənt],"понижение, уменьшение (в количественном или качественном отношении)"
decriminalize,"[,di:'krimin(ə)laiz]",исключить из числа уголовно наказуемых
dedicate,['dedikeit],"(dedicate to) посвящать (себя, свою жизнь чему-л.)"
deduction,[di'd∧k∫(ə)n],"вычет; удержание; снижение, сокращение; вычет; удержание; снижение, сокращение"
defame,[di'feim],"поносить, клеветать, порочить; наговаривать, оговаривать, позорить"
defect,[di'fekt],"недостаток, дефект, недочёт; изъян, порок"
defective verb,,недостаточный глагол
defiant,[di'faiənt],"вызывающий; неповинующийся, дерзкий, непокорный"
deficient,[di'fi∫(ə)nt],"недостающий, отсутствующий; недостаточный; дефектный, неполный"
definitive,[di'finitiv],"окончательный; решительный; имеющий решающее значение, решающий; последний"
defraud,[di'fro:d],(defraud of) обманом лишать (чего-л.)
degenerate,[di'ʤen(ə)rit],"выродок, дегенерат"
dehydrate,"[,di:hai'dreit]",обезвоживать
deity,['di:iti],"божество, бог"
dejected,[di'ʤektid],"грустный, печальный, унылый; удручённый; подавленный, угнетённый"
deliberate deception,,преднамеренный обман
delicate palate,,тонкий вкус
delightful,[di'laitfəl],"восхитительный, очаровательный"
deluge,['delju:ʤ],"потоп, наводнение"
delusion,[di'lu:Ʒ(ə)n],"обман, введение в заблуждение, ложь"
demolish,[di'mоli∫],"разрушать, уничтожать (что-л.)"
denote,[di'nəut],"отмечать (знаком, меткой), обозначать; различать, отличать"
denounce,[di'naun(t)s],"обвинять, ставить в вину, осуждать"
depress,[di'pres],"подчинять, покорять, порабощать"
deprive,[di'praiv],"отбирать, отнимать, лишать (чего-л.)"
derelict,['derəlikt],"покинутый, брошенный; бесхозный; покинутый, брошенный; бесхозный"
descry,[di'skrai],"рассмотреть, разглядеть, завидеть издалека"
desecrate,['desikreit],"оскорблять, осквернять, позорить"
desiccate,['desikeit],"высушивать, сушить; обезвоживать; удалять влагу"
desolate,['des(ə)lət],"одинокий, оставленный всеми, заброшенный; одинокий, оставленный всеми, заброшенный"
detect,[di'tekt],"замечать, открывать, обнаруживать"
deteriorate,[di'tiəriəreit],ухудшать; портить; повреждать
detract,[di'trækt],"отнимать; вычитать, уменьшать"
detrimental,"[,detri'ment(ə)l]","причиняющий ущерб; пагубный, губительный, вредный (to)"
deviate,['di:vieit],"(deviate from) отклоняться (от курса, нормы, темы)"
devise,[di'vaiz],"разрабатывать, продумывать (планы, идеи); выдумывать, изобретать"
devoid of fear,,бесстрашный
dexterous,['dekst(ə)rəs],"ловкий, проворный; расторопный"
diligence,['diliʤ(ə)n(t)s],"прилежание, старание, старательность, усердие"
diligent,['diliʤ(ə)nt],"прилежный, старательный, исполнительный (о людях)"
dilute,[dai'lu:t],"разжижать, разбавлять"
dim out,,частично затемнять (во время войны в целях светомаскировки)
dimension,[dai'men(t)∫(ə)n],измерение
dingy,['dinʤi],"выцветший, тусклый"
dip net,['dipnet],подсак
dire straits,,отчаянное положение
directory,[di'rekt(ə)ri],"руководство, инструкция, справочник, указатель"
discard,['diska:d],сбрасывание карт
discern,[di'sə:n],разглядеть
discipline,['disəplin],дисциплина (отрасль знания)
disclose,[dis'kləuz],"выявлять, обнаруживать, открывать; разоблачать, раскрывать"
discrepancy,[dis'krep(ə)n(t)si],"разница; различие, несходство, отличие"
dismal,['dizməl],"мрачный; унылый; гнетущий, тягостный, давящий; зловещий"
dismay,[dis'mei],"испуг, беспокойство, волнение, смятение"
dismissive,[dis'misiv],освобождающий
disparity,[dis'pærəti],"неравенство; несоответствие; несоразмерность (between, in)"
disperse,[di'spə:s],"рассеивать, развеивать; разгонять"
position classification,,классификация должностей (официальный перечень служебных обязанностей для классификации всех должностей в системе гражданской службы)
disprove,[dis'pru:v],"опровергать; доказывать ложность, ошибочность, несостоятельность чего-л."
dispute,[dis'pju:t],"диспут, дискуссия, дебаты, полемика"
disseminate,[di'semineit],"рассеивать, разбрасывать (семена)"
dissolve,[di'zоlv],"растворять, таять"
distract,[di'strækt],"отвлекать, уводить в сторону; отвлекать, уводить в сторону"
divulge,[dai'v∧lʤ],"разглашать, раскрывать, обнародовать"
docile,['dəusail],"восприимчивый, понятливый, способный"
to dodge a blow,,"избегать удара, уклоняться, увёртываться от удара"
dogged,['dоgid],"упрямый, упорный, настойчивый"
doleful,['dəulf(ə)l],"скорбный, печальный; меланхолический; страдальческий, унылый"
dominate,['dоmineit],"управлять, контролировать"
donate,[dəu'neit],"дарить, жаловать, жертвовать"
dot bomb,,"лопнувший ""дотком"" (разорившаяся интернет-компания) dot-com"
drastic,['dræstik],сильнодействующий (о лекарстве)
drawback,['dro:bæk],"препятствие; помеха, преграда, препона"
Aryan,['ɛəriən],арийский
drench,[drenʧ],промокать насквозь
drought,[draut],засуха; засушливость
drowsy,['drauzi],"засыпающий, дремлющий; сонный"
dull life,,"скучная, монотонная жизнь; безрадостная жизнь"
dumbfound,[d∧m'faund],"ошарашить, ошеломить, потрясти"
dunce cap,,дурацкий колпак
dungeon,['d∧nʤ(ə)n],главная башня (расположенная во внутреннем дворе средневекового замка)
durable,['djuərəbl],"надёжный, прочный, стойкий, крепкий"
to dwell on a sore subject,,подробно обсуждать больной вопрос
dwelling house,['dweliɳhaus],жилой дом
dwindle,['dwindl],"сокращаться, уменьшаться, убывать, истощаться"
dynamic personality,,"динамичная личность, динамичная натура, динамичный характер"
eclipse of the Moon,,лунное затмение
ecology,[i:'kоləʤi],экология
ecumenic(al),"[,i:kju'menik((ə)l)]",всемирный
edible mushroom,,съедобный гриб
edifice,['edifis],"большой дом, величественное здание, строение (о храме, дворце, замке)"
eerie,['iəri],"жуткий, зловещий, мрачный; сверхъестественный"
efface oneself,,"стушеваться, держаться в тени"
effuse,[i'fju:s],"льющийся через край, разливающийся"
elaborate,[i'læb(ə)rit],"тщательно, детально разработанный; продуманный; законченный; скрупулёзный, доскональный"
elasticity of compression,,упругость на сжатие
elderly,['eld(ə)li],"пожилой, почтенный"
elegant,['eligənt],"изысканный, элегантный (об одежде); со вкусом, изысканно одетый"
elevate hopes,,пробуждать надежды
elicit,[i'lisit],"извлекать; вытягивать, допытываться; вызывать"
eligible,['eliʤəbl],"имеющий право, могущий быть избранным (в должность, в члены какого-л. общества)"
emanate,['eməneit],"исходить, истекать (о запахе и т. п.)"
emancipate,[i'mæn(t)sipeit],"освобождать (от контроля, зависимости, рабства); эмансипировать"
embed,[im'bed],"вставлять, врезать, вделывать"
embitter,[im'bitə],"озлоблять, раздражать; наполнять горечью, отравлять (существование)"
emblem,['embləm],"символ, символическое изображение; типичный образ"
eminent,['eminənt],"высокий, вздымающийся; возвышающийся (над чем-л.)"
emit,[i'mit],"испускать, выделять (свет, тепло, запах); выбрасывать, извергать (пепел, дым, лаву)"
emulate,['emjuleit],"стремиться превзойти; конкурировать, соперничать, соревноваться"
enchanting,[en'ʧa:ntiɳ],"очаровательный, обаятельный, прелестный"
encomium,[in'kəumiəm],"восхваление, панегирик"
endorse by signature,,скреплять подписью
engender,[in'ʤendə],"возбуждать, вызывать, порождать, рождать"
enhance,[in'ha:n(t)s],"увеличивать, усиливать, улучшать (обычно какое-л. положительное свойство)"
enigma,[i'nigmə],"головоломка, загадка"
Y chromosome,"['wai,krəuməsəum]",Y-хромосома (половая хромосома)
ennui,['оnwi:],"скука, тоска; внутренняя опустошённость; апатия"
ensue,[in'sju:],получаться в результате; происходить (из-за чего-л.)
enumerate,[i'nju:m(ə)reit],перечислять
enunciate,[i'n∧n(t)sieit],"ясно, отчётливо произносить, проговаривать"
envelope,['envələup],конверт
environ,[in'vaiər(ə)n],"окружать, охватывать"
epiphyte,['epifait],"эпифит (растение, живущее на другом растении и в отличие от паразитов, получающее питательные вещества не от растения, на котором живет, а из окружающей его среды)"
epitaph,['epita:f],эпитафия; надпись на надгробном памятнике
epithet,['epiθet],эпитет
equitable treaty,,равноправный договор
era,['iərə],"эра; время, период, эпоха"
eradicate,[i'rædikeit],вырывать с корнем
escalate down,,смягчать (конфликт и т. п.)
eschew,[is'ʧu:],"воздерживаться, избегать, остерегаться, сторониться"
espouse,[is'pauz],жениться; выходить замуж
essay,['esei],"испытание, опробование, опыт, проба; проверка, тест"
essential oils,,эфирные масла
estate car,,"(легковой) автомобиль с кузовом ""универсал"""
esteem,[is'ti:m],"пиетет, почтение, уважение"
estrange,[is'treinʤ],"отдалять, отстранять, отчуждать"
eulogy,['ju:ləʤi],"хвалебная речь, панегирик"
evacuate,[i'vækjueit],"опорожнять, освобождать от содержимого"
evade,[i'veid],ускользать (от преследования и т. п.)
evanescent,"[,i:və'nes(ə)nt]","исчезающий, испаряющийся, тающий"
even,['i:v(ə)n],вечер
exacerbate,[ig'zæsəbeit],"обострять, осложнять, углублять, усиливать (кризис, недовольство)"
excavate,['ekskəveit],"копать, рыть; выкапывать, откапывать"
exceed,[ik'si:d],"превышать; переступать пределы, границы; выходить за пределы"
excerpt,['eksə:pt],"выборка, выдержка, извлечение, цитата; отрывок (из книги, музыкального произведения и т. п.)"
excrete,[eks'kri:t],"выделять, извергать"
excursion rates,,"сниженные расценки для туристов (на билеты, гостиницы)"
exhaustive,[ig'zo:stiv],"исчерпывающий, всесторонний, обстоятельный, полный"
exhortation,"[,egzo:'tei∫(ə)n]","призыв, увещевание, убеждение"
expendable,[ik'spendəbl],"потребляемый, расходуемый"
expire,[ik'spaiə],"закончиться, истечь (о сроках)"
explicit definition,,явное определение
explore,[ik'splo:],"исследовать, рассматривать, изучать, анализировать"
to expose equivocation,,раскрывать обман
expunge,[ik'sp∧nʤ],"вычёркивать, удалять (имя или слово из списка, отрывок из книги, запись)"
extensive knowledge,,"обширные знания, эрудиция"
extol,[ik'stəul],"восхвалять, превозносить, хвалить"
extract,[ik'strækt],"вытаскивать, извлекать"
extraneous body,,инородное тело
extravagant,"[ik,strævəgənt]","неэкономный, расточительный"
fable,['feibl],басня
facile tears,,лёгкие слёзы
facilitate,[fə'siliteit],"облегчать; содействовать; способствовать; помогать, продвигать"
facility of access,,"доступность (свойство не требовать специальных приспособлений для замены, ремонта)"
faint heart,,"""трусливое сердце"", трус"
fake off,,"слоняться без дела, отлынивать от работы; лодырничать; создавать слабую видимость работы"
falter out,,"говорить неуверенно, бормотать"
famine fever,"[,fæmin'fi:və]",голодный тиф; сыпной тиф; возвратный тиф
fancy articles,,модные товары; безделушки; галантерея
fare,[fɛə],"стоимость проезда или провоза багажа, тариф, плата за проезд"
fasten,['fa:s(ə)n],#ERROR!
fatigue party,"[fə'ti:g,pa:ti]",рабочая команда
faulty,['fo:lti],"неисправный, повреждённый, с изъяном (о предметах)"
feasible,['fi:zəbl],"реальный, выполнимый, осуществимый (о замысле, плане и т. п.)"
feat of arms,,"ратный подвиг, боевой подвиг"
fee,[fi:],"вознаграждение, гонорар (за какие-либо услуги)"
feeble,['fi:bl],"немощный, слабосильный, хилый (о физическом состоянии человека или животного)"
felicity,[fə'lisəti],счастье; блаженство
ferocious,[fə'rəu∫əs],"дикий; жестокий, беспощадный, свирепый; безжалостный (о человеке и животном; характере и действиях)"
fickle,['fikl],"непостоянный, переменчивый; ненадёжный, неустойчивый, переменный"
fiery,['faiəri],"огненный, пламенный; горящий"
finite risk,,ограниченный риск
fire a gun at,,"целиться в (кого-л., что-л.)"
fitting shop,,сборочная мастерская
flagrant,['fleigrənt],"ужасающий, ужасный, страшный, вопиющий (об обиде, преступлении и т. п.; тж. об обидчике, преступнике и т. п.)"
flatten out,,выравнивать (самолёт)
flaw,[flo:],"трещина, щель, порок (в металле, фарфоре и т. п.), брак (в приобретённом изделии)"
flee,[fli:],"убегать, спасаться бегством"
flexible word order,,свободный порядок слов
to flip a nickel,,бросить жребий
florid style,,витиеватый стиль
fluctuate,['fl∧kʧueit],"быть неустойчивым, меняться; колебаться; колыхаться"
foggy,['fоgi],"туманный, в тумане"
to fold one's arms,,скрестить руки на груди
fool about,,#ERROR!
forego,[fo:'gəu],"предшествовать, идти впереди"
foremost,['fo:məust],"передний, передовой, находящийся впереди других"
forestall,[fo:'sto:l],"следовать впереди; предвосхищать, опережать"
forlorn hope,,очень слабая надежда
formative,['fo:mətiv],образующий; формирующий; созидательный
foul blow,,"запрещённый приём, фол"
fragile,['fræʤail],"ломкий, хрупкий"
fragment,['frægmənt],"обломок; осколок; кусок, часть"
fragrant,['freigrənt],"ароматный, благоухающий"
frail,[freil],тростник
Fraud Squad,,Отдел по борьбе с мошенничеством (занимается расследованием экономических преступлений)
fraudulent bankruptcy,,злостное банкротство
frenetic,[frə'netik],"буйный, бурный, неистовый; несдержанный; маниакальный; буйный, бурный, неистовый; несдержанный; маниакальный"
fugitive,['fju:ʤətiv],беглец; беглец
fuse box,"['fju:z,bоks]",закрытый плавкий предохранитель
fusion ticket,,единый список (включающий кандидатов маленьких партий; выставляется в противовес кандидату от крупной партии)
to gain colour,,порозоветь
gala performance,,гала-представление
gale,[geil],"шторм; буря; ветер от 7 до 10 баллов (порыв, движущийся со скоростью от 51 до 100 километров в час)"
garrulous,['gær(ə)ləs],"болтливый, говорливый, словоохотливый"
gaudy,['go:di],большое празднество
genial,['ʤi:niəl],"весёлый, общительный; добрый, доброжелательный"
genuine leather,,натуральная кожа
germane,[ʤə:'mein],"(to) уместный, подходящий, соответствующий"
germinate,['ʤə:mineit],давать почки или ростки
ghastly,['ga:stli],"наводящий ужас, жуткий, страшный"
glorify,['glo:rifai],"восхвалять, возвеличивать; славить, прославлять"
glory hole,['glo:rihəul],"место, куда в беспорядке сваливают вещи (кладовая, ящик)"
to goad into fury,,приводить в ярость
gorgeous,['go:ʤəs],"вычурный, эффектный, яркий, пышный (о привычках, манерах людей делать что-л.)"
grace cup,['greisk∧p],кубок или чаша (передаваемые по кругу после произнесения молитвы по окончании приёма пищи)
graphic art,,"графическое искусство, графика"
grasp,[gra:sp],схватывание; крепкое сжатие; хватка
grass(-)roots,"[,gra:s'ru:ts]","основа, источник"
gratuitous,[grə'tju:itəs],"бесплатный, даровой"
grave accent,,"гравис, нисходящий тон (от латинского ""тяжелый"")"
gravid,['grævid],беременная
gravitas,['grævitæs],"авторитет, вес; солидность, серьёзность"
gravitate,['græviteit],"тяготеть, стремиться"
graze,[greiz],"слегка касаться, задевать"
gregarious,[gri'gɛəriəs],"живущий стаями, стадами, обществами"
grip vice,['gripvais],зажимные тиски
gross blunder,,грубая ошибка
grumble,['gr∧mbl],"ворчать, жаловаться"
guile,[gail],"обман; хитрость, коварство; вероломство, ложь"
gullible,['g∧libl],"доверчивый, легковерный"
gusto,['g∧stəu],"удовольствие, смак (с которым выполняется работа)"
haggle,['hægl],"вздорить, пререкаться; спорить (по мелочам); придираться"
hamper,['hæmpə],"препятствовать, мешать (чему-л.); затруднять, стеснять движения"
handpick,['hændpik],собирать руками
handy,['hændi],"доступный; близкий, (имеющийся) под рукой"
haphazard,"[,hæp'hæzəd]","случай, случайность, происшествие"
harangue,[hə'ræɳ],речь (публичная); горячее обращение
harass,['hærəs],"беспокоить, волновать, изводить, тревожить"
hardship,['ha:d∫ip],"трудность, трудности, неприятность, неприятности"
harm,[ha:m],"вред; убыток, урон, ущерб"
harness racing,,"скачки на лошадях, запряжённых в лёгкие коляски"
harsh reality,,суровая реальность
hasty pudding,,мучной заварной пудинг
haul off,,"выждав, действовать внезапно и резко"
havoc,['hævək],"опустошение; разорение, разрушение"
hazardous duty pay,,"надбавка (к окладу) за риск, опасные или тяжёлые условия работы"
hedonism,['hi:d(ə)niz(ə)m],гедонизм
hedonist,['hi:d(ə)nist],гедонист
heighten,['hait(ə)n],повышать; усиливать
helical gear,,"геликоидальное зубчатое колесо, косозубое колесо"
herald,['herəld],герольд; глашатай
heretic,['herətik],еретик
heyday,['heidei],"зенит, расцвет, лучшая пора"
hinder,['haində],задний
hoax,[həuks],"обман; ложь, мистификация, неправда"
hoist,[hоist],поднимать (что-л.)
homogeneous,"[,hоmə'ʤi:niəs]",однородный; гомогенный
homonym,['hоmənim],омоним
Ce,,церий (порядковый номер в таблице Менделеева - 58)
hospitable,[hоs'pitəbl],"гостеприимный, радушный"
hostage,['hоstiʤ],заложник
hostel,['hоst(ə)l],студенческое общежитие
hostile,['hоstail],"вражеский, неприятельский, принадлежащий противнику"
huge,[hju:ʤ],"большой, гигантский, громадный, огромный"
humiliate,[hju:'milieit],"унижать, оскорблять"
hurl away,,упускать
hypocrite,['hipəkrit],"лицемер, ханжа"
ideal,[ai'diəl],"идеал, образец, верх совершенства"
idiosyncrasy,"[,idiə'siɳkrəsi]","индивидуальная или групповая отличительная особенность (характера, стиля)"
idle capital,,мёртвый капитал
illiterate,[i'lit(ə)rət],неграмотный (человек)
illusion,"[i'lu:Ʒ(ə)n, i'lju:Ʒ(ə)n]","иллюзия, обман чувств; мираж"
illustrate,['iləstreit],"иллюстрировать, делать иллюстрации"
imaginary number,,мнимое число
imbibe,[im'baib],пить; употреблять алкоголь
immense,[i'men(t)s],"безмерный, очень большой, огромный"
imminent abortion,,угрожающий аборт
immortal glory,,неувядаемая слава
immune body,,антитело
immutable,[i'mju:təbl],"неизменный, непреложный, постоянный"
impair,[im'pɛə],"ослаблять, снижать, уменьшать"
impartial investigation,,беспристрастное расследование
impecunious,"[,impi'kju:niəs]","бедный, бедствующий, нуждающийся"
impediment,[im'pedimənt],физический недостаток (обычно связанный с речью)
impel,[im'pel],приводить в движение; продвигать вперёд; подталкивать
impending,[im'pendiɳ],нависающий
imperceptible,"[,impə'septəbl]","незаметный, незначительный"
implement,['implimənt],"инструмент, прибор; орудие, средство"
impose,[im'pəuz],"класть, помещать, фиксировать в определённом положении"
impromptu speech,,импровизированная речь
improvise,['imprəvaiz],импровизировать
Te Deum,"[,tei'deium]",Тедеум
incalculable,[in'kælkjuləbl],"неисчислимый, несчётный; несметный"
incandescent lamp,,лампа накаливания
incense,['insen(t)s],"ладан, фимиам"
incentive pay,,поощрительная оплата
incessant,[in'ses(ə)nt],"беспрестанный, непрекращающийся, непрерывный, непрестанный, постоянный"
incognito,"[,inkоg'ni:təu]",инкогнито
incongruous,[in'kоɳgruəs],"несоответственный, несочетаемый, несовместимый"
inconsonant,[in'kоn(t)sənənt],"несовместимый, несообразный"
increment,['iɳkrimənt],"возрастание, расширение, увеличение"
indifferent,[in'dif(ə)r(ə)nt],"безразличный, равнодушный, индифферентный"
indigent,['indiʤənt],лишённый (чего-л.)
indignant,[in'dignənt],"негодующий, возмущённый"
indispensable,"[,indi'spen(t)səbl]","обязательный, не допускающий исключений (о правиле)"
induce,[in'dju:s],"побуждать, склонять, убеждать"
inevitable abortion,,угрожающий аборт
infinite mercy,,бесконечная милость
infinitesimal,"[,infini'tesim(ə)l]",бесконечно малая величина
infringe,[in'frinʤ],"нарушать, преступать (закон, обязательство, клятву)"
infuriate,[in'fjuərieit],"приводить в ярость, бешенство, неистовство; разъярять, бесить, выводить из себя"
ingenious invention,,оригинальное изобретение
ingenuous,[in'ʤenjuəs],"открытый, прямой, искренний, откровенный"
ingredient,[in'gri:diənt],"составная часть, компонент, ингредиент"
inhibit,[in'hibit],"задерживать, сдерживать, препятствовать"
inhospitable,"[,inhоs'pitəbl]","негостеприимный, недружелюбный, неприветливый"
initial chaos,,первозданный хаос
injurious,[in'ʤuəriəs],вредный; вредоносный
innocuous,[i'nоkjuəs],"безвредный; безобидный, безопасный"
innovative,"['inəuveitiv, 'inəveitiv]","новаторский, передовой, рационализаторский"
inopportune,[in'оpətju:n],"неподходящий, несвоевременный, неуместный"
inordinate,[i'no:dinət],неумеренный; чрезмерный
inroad,['inrəud],"набег, нашествие"
insatiate,"[in'sei∫iət, in'sei∫ieit]","ненасытный; жадный, алчный"
insinuate,[in'sinjueit],"постепенно или хитростью вводить, внедрять, распространять"
insolent,['ins(ə)lənt],"высокомерный, кичливый, надменный"
insolvent,[in'sоlv(ə)nt],несостоятельный должник; банкрот
instantaneous (water-)heater,,колонка для подогрева воды
instigate,['in(t)stigeit],"(instigate to) побуждать, подстрекать (к чему-л.)"
insult,[in's∧lt],оскорблять; обижать
insurrection,"[,ins(ə)'rek∫(ə)n]",восстание
integral calculus,,интегральное исчисление
intelligible,[in'teliʤəbl],"вразумительный, понятный, четкий, ясный"
intense training,,интенсивное обучение
interim commission,,временная комиссия
interminable,[in'tə:minəbl],"бесконечный, беспредельный"
intervene,"[,intə'vi:n]","вмешиваться; вклиниваться, вступаться; вставать между"
intimate details,,интимные подробности
intimidate,[in'timideit],"пугать; запугивать, устрашать"
intractable pain,,хроническая боль
intrepid,[in'trepid],"бесстрашный, неустрашимый, отважный, смелый, храбрый"
intrigue,['intri:g],"интрига, козни, тайные происки"
invaluable,[in'væljuəbl],"бесценный, неоценимый"
inventory,['inv(ə)nt(ə)ri],"опись, реестр, инвентарная ведомость"
invincible,[in'vin(t)səbl],"неодолимый, непобедимый, непреодолимый"
inviting,[in'vaitiɳ],"заманчивый, манящий, привлекательный, притягательный, соблазнительный"
involuntary manslaughter,,"невольное, нечаянное, непредумышленное убийство"
irate,[ai'reit],"гневный, разгневанный, взбешенный"
irrevocable,[i'revəkəbl],"неотменяемый, бесповоротный, окончательный; безвозвратный"
irritable,['iritəbl],"несдержанный, раздражительный; несдержанный, раздражительный"
jagged,['ʤægid],"зубчатый, зазубренный; неровно оторванный"
jeopardy,['ʤepədi],"опасность, риск"
jolly along,,"умасливать, улещать, задабривать; лестью или ласковым поведением пытаться добиться (чего-л.)"
jolt,[ʤəult],"толчок; столкновение, тряска"
judicious,[ʤu:'di∫əs],"благоразумный, здравомыслящий, разумный, рассудительный"
juncture,['ʤ∧ɳkʧə],"соединение (как процесс); присоединение, сращивание"
juvenile court,,суд по делам несовершеннолетних
keen eyesight,,острое зрение
key actor,,актёр первого плана
knack,[næk],"умение, сноровка, мастерство"
"to lack ballast, have no ballast",,быть неуравновешенным (человеком)
lag,[læg],"отставание; задержка, запаздывание"
landscape architecture,,садово-парковая архитектура; декоративное садоводство
landslide,['lændslaid],"обвал, оползень"
languid attempt,,слабая попытка
lapse from virtue,,грехопадение
lassitude,['læsitju:d],"усталость, утомление; апатия"
last but not least,,"хотя и последний, но не менее важный"
latent energy,,потенциальная (скрытая) энергия
laud,[lo:d],"похвала, хвала, восхваление"
lax vowel,,ненапряжённый гласный
leaflet,['li:flət],"листочек, листик; молодой лист"
leaven,['lev(ə)n],"дрожжи, закваска; фермент"
legendary,['leʤənd(ə)ri],легендарный
lenient,['li:niənt],снисходительный; мягкий; терпимый
lessen,['les(ə)n],"уменьшаться, сокращаться"
lethal chamber,,"""камера смерти"" (место, где усыпляют животных)"
lethargic(al),[lə'θa:ʤik((ə)l)],летаргический
lewd,"[lju:d, lu:d]",похотливый; распутный
licentious,[lai'sen∫əs],"безнравственный, распущенный"
likely,['laikli],"вероятный, возможный"
linger,['liɳgə],"засиживаться, задерживаться"
to link in,,"завлекать, соблазнять"
litigate,['litigeit],судиться (с кем-л.); быть тяжущейся стороной (в судебном процессе)
loafer,['ləufə],"бездельник, тунеядец"
loathsome,['ləu∂səm],"тошнотворный; противный, отталкивающий, омерзительный; тошнотворный; противный, отталкивающий, омерзительный"
locomotion,"[,ləukə'məu∫(ə)n]","передвижение, перемещение"
lofty phrases,,разглагольствование
to loom large,,оказывать большое влияние
loophole,['lu:phəul],"амбразура, бойница"
lucid interval,,просветление
lucrative,['lu:krətiv],"прибыльный, выгодный, доходный, рентабельный"
lugubrious,[lu:'gu:briəs],"скорбный, печальный, мрачный; траурный"
lukewarm,"[,lu:k'wo:m]",тепловатый
to lull to sleep,,усыплять
lullaby,['l∧ləbai],колыбельная (песня)
lumber room,,чулан
luminous efficiency,,световая отдача
lunatic asylum,,сумасшедший дом
lure,[l(j)uə],соблазн
lurid,['l(j)uərid],мертвенно-бледный
lurk,[lə:k],#ERROR!
lustrous,['l∧strəs],"блестящий, яркий; глянцевитый"
luxurious,[l∧g'Ʒuriəs],"богатый, пышный, роскошный; дорогой"
magnify,['mægnifai],увеличивать
magnitude,['mægnitju:d],"величина, размеры"
maiden assize,,"сессия уголовного суда, на рассмотрение которой не вынесено уголовных дел"
makeshift,['meik∫ift],временная замена; паллиатив
make up,,"пополнять, возмещать, компенсировать; навёрстывать"
malady,['mælədi],"болезнь; заболевание, расстройство"
malice,['mælis],злоба
malignant bacteria,,"вредные, болезнетворные бактерии"
mandatory retirement,,принудительное увольнение
manifest,['mænifest],"манифест, декларация судового груза"
maritime law,,морское право
marked man,,"человек, за которым следят"
the Massacre of St. Bartholomew,,Варфоломеевская ночь (расправа католиков над гугенотами в Париже в ночь с 23 на 24 августа 1572 г.)
mature,[mə'ʧuə],"зрелый, спелый (о плоде.)"
maxim,['mæksim],"максима, аксиома; афоризм, изречение, сентенция"
meddle,['medl],"заниматься, интересоваться чем-л.; вмешиваться, совать свой нос"
meek,[mi:k],"кроткий, мягкий; покорный, послушный, смиренный"
memorable day,,памятный день
menace,"['menis, 'menəs]",угроза; опасность; опасный человек
to mend fences,,стараться установить дружеские отношения
merge,[mə:ʤ],"погружаться (в жидкость, деятельность, среду)"
meritorious,"[,meri'to:riəs]","заслуживающий одобрения, награды, благодарности"
mesmerize,['mezm(ə)raiz],гипнотизировать
meteor shower,,звёздный дождь; метеорный дождь
meticulous,[mə'tikjələs],"мелочный; дотошный; тщательный; щепетильный, педантичный"
mild cheese,,неострый сыр
millennial,[mi'leniəl],"тысячелетний, относящийся к тысячелетию"
mingle,['miɳgl],смешиваться
minuscule,['minəskju:l],минускул (строчная буква в средневековых рукописях)
minute anatomy,,"микроскопическая анатомия, гистология"
mirth,[mə:θ],"веселье, радость, увеселение"
misappropriate,"[,misə'prəuprieit]","незаконно присвоить, завладеть"
misrepresent,"[,misrepri'zent]","искажать, представлять в ложном свете"
mock attack,,ложное наступление
molest,[mə'lest],заигрывать; приставать
monitor lizard,,варан
monotonous,[mə'nоt(ə)nəs],"монотонный; однозвучный, однотонный"
monumental mason,,"мастер, делающий надгробные плиты, памятники"
morale,[mə'ra:l],моральное состояние; боевой дух
morbid anatomy,,патологическая анатомия
mournful,"['mo:nf(ə)l, 'mo:nful]","унылый, угрюмый, печальный, скорбный; мрачный"
murky,['mə:ki],"тёмный, мрачный"
mute consonant,,немой согласный
mutiny,['mju:t(ə)ni],"мятеж, восстание, бунт (особенно военный или против военных властей)"
mysterious,[mi'stiəriəs],"таинственный; загадочный, непостижимый"
mythic(al),['miθik(əl)],"легендарный, мифический, сказочный"
naughty,['no:ti],"непослушный, капризный, шаловливый; озорной"
neglect,[ni'glekt],"пренебрежение, игнорирование"
negligible,['negliʤəbl],"незначительный; неважный, не принимаемый в расчёт, игнорируемый"
negotiate,"[ni'gəu∫ieit, ni'gəusieit]","вести переговоры, договариваться; обсуждать условия"
nibble,['nibl],грызть; обгрызать; щипать (траву)
nocturnal emission,,поллюция
nonchalant,['nоn∫(ə)lənt],"бесстрастный; безразличный, равнодушный, индифферентный, невозмутимый"
notable,['nəutəbl],"примечательный, достопримечательный, замечательный (чем-л.)"
notify,['nəutifai],"извещать, уведомлять; извещать, уведомлять"
notorious,[nəu'to:riəs],пользующийся дурной славой; печально известный; пресловутый; отъявленный
novel,['nоv(ə)l],роман
novice,['nоvis],"начинающий, новичок; новобранец"
noxious air,,отравленная атмосфера
obese,[əu'bi:s],"тучный, толстый, страдающий ожирением"
obituary notice,,объявление о смерти; краткий некролог
objective case,,"objective объектный падеж, падеж прямого дополнения, объектив (в английском языке сохранился только у личных местоимений)"
oblique case,,"косвенный падеж (любой падеж, кроме именительного)"
oblivious,[ə'bliviəs],"(of / to smth.) не замечающий чего-л., не обращающий внимания на что-л.; рассеянный"
oblong,['оblоɳ],"продолговатый; вытянутый, удлинённый"
obscene,[əb'si:n],"непристойный, непотребный; грязный; порнографический"
obscure meaning,,"тёмное, неясное значение"
obsequious,[əb'si:kwiəs],"подобострастный, раболепный"
obsolete form,,устаревшая форма
obstinate,['оbstinit],"упрямый, своевольный; не поддающийся (убеждению, просьбам)"
obtrude,[əb'tru:d],"выдвигать, высовывать, выставлять"
obvious,['оbviəs],"очевидный, заметный"
odd card,,чудак
offhand,"[,оf'hænd]","импровизированный, сделанный без подготовки, экспромтом; импровизированный, сделанный без подготовки, экспромтом"
Olympian calm,,олимпийское спокойствие
omen,['əumən],"знак, знамение, предзнаменование; примера"
ominous,['оminəs],"предсказывающий, предвещающий"
ooze away,,"понижаться, медленно исчезать, убывать"
opportune,['оpətju:n],благоприятный; подходящий
opulent,['оpjulənt],"богатый, состоятельный; процветающий"
orbit,['o:bit],"орбита (небесного тела, искусственного спутника)"
ordeal,[o:'di:l],суровое испытание
ornamental,"[,o:nə'ment(ə)l]","декоративный, служащий украшением, орнаментальный"
orotund,['оrət∧nd],"звучный, полновесный"
ostracize,['оstrəsaiz],подвергать остракизму; изгонять
outgoing mail,,исходящая почта
outlet,['autlet],"выход, проход"
outlook,['autluk],"(for) перспективы, виды на будущее"
outrage,['autreiʤ],"грубое нарушение (закона, прав, приличий); произвол; акт насилия"
outskirt,"[,aut'skə:t]","граничить, прилегать"
outspread,"[,aut'spred]",распростёртый
outstanding account,,неоплаченный счёт
outworn,"[,aut'wo:n]","изношенный, поношенный; негодный к употреблению"
overall results,,итоги
overcast,['əuvəka:st],"затянутый облаками; мрачный, хмурый"
overcome,"[,əuvə'k∧m]","побороть, победить"
overdue,"[,əuvə'dju:]",опаздывающий
override,"[,əuvə'raid]","отменять, аннулировать (решение, постановление)"
overrun,"[,əuvə'r∧n]","переходить пределы, границы (чего-л.)"
oversight,['əuvəsait],"недосмотр, оплошность, упущение"
overstate,"[,əuvə'steit]",преувеличивать
overt,['əuvə:t],"неприкрытый, очевидный, явный"
overtake,"[,əuvə'teik]","догнать, наверстать; обогнать"
overwhelm,"[,əuvə'welm]","ошеломлять, поражать, потрясать"
pace of development,,темпы развития
pacesetter,['peissetə],лидер (в соревновании)
pacifist,['pæsifist],пацифист; пацифист
pact,[pækt],"договор, конвенция, пакт, соглашение"
painstaking job,,трудоемкая работа
paltry excuses,,жалкие оправдания
panacea,"[,pænə'si:ə]","панацея, универсальное средство, спасение; панацея, универсальное средство, спасение"
paramour,['pærəmuə],любовь
particle,['pa:tikl],частица; крупица
path of least resistance,,линия наименьшего сопротивления
patronage,['pætr(ə)niʤ],"покровительство, попечительство, шефство; заступничество, опека"
perceive,[pə'si:v],"воспринимать, понимать, осознавать; постигать"
perceptible,[pə'septəbl],"заметный, ощутимый, воспринимаемый; понятный, постижимый"
perch,[pə:ʧ],"насест, жёрдочка (для птиц)"
perennial plant,,многолетнее растение
perforate,['pə:f(ə)reit],"просверливать или пробивать отверстия, перфорировать, пробуравливать"
peril,['per(ə)l],опасность
perilous,"['per(ə)ləs, 'periləs]","опасный, рискованный"
periodic acid,,йодная кислота
permeate,['pə:mieit],"проникать, проходить сквозь; проникать, проходить сквозь"
perpetual motion,,"вечное движение, перпетуум-мобиле"
perplexing,[pə'pleksiɳ],трудный; озадачивающий; трудный; озадачивающий
perspicuous,[pə'spikjuəs],"понятный, чёткий, ясный"
pertain,[pə'tein],(pertain to)
pertinent suggestion,,своевременный совет
pervade,[pə'veid],"заполнять, наполнять (что-л.); заполнять, наполнять (что-л.)"
phenomenal,[fi'nоmin(ə)l],"феноменальный, выдающийся, исключительный, необыкновенный"
pierce,[piəs],"прокалывать, протыкать; пронзать"
pillage,['piliʤ],"грабёж, мародёрство"
placate,[plə'keit],"умиротворять; унимать, успокаивать"
plausible reason,,вероятная причина
to plead a cause,,защищать дело в суде
plethora,['pleθ(ə)rə],полнокровие
plush,[pl∧∫],плюш; плис
poky,['pəuki],"тесный, убогий (о месте, местонахождении)"
portion,['po:∫(ə)n],"доза, порция, часть"
portray,[po:'trei],рисовать портрет; изображать (кого-л.)
posthumous,['pоstjəməs],посмертный
postpone,"[,pəust'pəun]","откладывать; отсрочивать, оттягивать; откладывать; отсрочивать, оттягивать"
pounce,[paun(t)s],коготь (ястреба)
powerful evidence,,веские доказательства
preach down,,"выступать против чего-л., осуждать"
precarious,[pri'kɛəriəs],"ненадёжный, сомнительный; шаткий; зависящий от непредвиденных обстоятельств"
precept,['pri:sept],"правило поведения, принцип; заповедь"
precious jewels,,драгоценные камни
precise,[pri'sais],точный; определённый
preface,['prefəs],"предисловие; вводная часть; введение, вступление; преамбула"
premier,['premiə],"премьер, премьер-министр"
presage,['presiʤ],"знамение, предзнаменование, знак"
prescribe,[pri'skraib],предписывать; устанавливать
pressing,['presiɳ],"тягостный, обременительный; давящий"
presumptuous,"[pri'z∧mpʧuəs, pri'z∧mptjuəs]","самонадеянный; бесцеремонный, дерзкий, нахальный"
pretence,[pri'ten(t)s],притворство; обман
pretext,['pri:tekst],"отговорка, повод, предлог"
prevail,[pri'veil],"восторжествовать, одержать победу; достичь цели"
prevalent,['prev(ə)lənt],"распространённый, общепринятый, общеупотребительный"
prior to,['praiətu],"до, до момента, перед"
probe,[prəub],зонд
probity,['prəubəti],честность; неподкупность
to proclaim from the housetops,,провозглашать на кровлях
procure,[prə'kjuə],"доставать, доставлять; добывать, раздобывать; обеспечивать; доставать, доставлять; добывать, раздобывать; обеспечивать"
prodigious,[prə'diʤəs],"чрезмерный, непомерный, очень большой"
profane,[prə'fein],мирской; светский
profound hostility,,глубокая враждебность
profuse,[prə'fju:s],"обильный, щедрый"
proliferate,[prə'lif(ə)reit],распространяться (о знаниях и т. п.)
prolong,[prə'lоɳ],"продолжать, увеличивать в длину"
prominent figure,,выдающаяся личность
promiscuous,[prə'miskjuəs],"беспорядочный, неразборчивый (в знакомствах, связях и т. п.)"
prompt book,,суфлёрский экземпляр пьесы
pronounced,[prə'naun(t)st],"резко выраженный; определённый, отчётливый, чёткий, ясный, явный"
prophesy,['prоfəsai],"предсказывать, пророчить"
proportional representation,,избирательная система пропорционального представительства
propriety,[prə'praiəti],"правильность, правомерность, уместность"
proscribe,[prə'skraib],объявлять вне закона; высылать
protagonist,[prə'tæg(ə)nist],"главный герой; главное действующее лицо (в пьесе, литературном произведении)"
protracted,[prə'træktid],"затянувшийся; длительный, затяжной, продолжительный, растянутый"
provenance,['prоv(ə)nən(t)s],"происхождение, источник"
provisional government,,временное правительство
provoke,[prə'vəuk],"вызывать, возбуждать; провоцировать"
prudent,['pru:d(ə)nt],"благоразумный, предусмотрительный, разумный, рассудительный; благоразумный, предусмотрительный, разумный, рассудительный"
pugnacious,[p∧g'nei∫əs],драчливый
pulverize,['p∧lv(ə)raiz],"растирать, дробить, измельчать; превращать в порошок"
pursue a hobby,,"иметь хобби, увлекаться"
quaint,[kweint],"привлекательный своей оригинальностью или старомодностью, причудливый, затейливый"
quake,[kweik],"трястись, дрожать, качаться, колебаться (о земле)"
quandary,['kwоnd(ə)ri],затруднительное положение; затруднение; недоумение
quarrel,['kwоr(ə)l],ссора; перебранка; раздоры
quash,[kwо∫],"аннулировать, отменять"
quench,[kwenʧ],"гасить, тушить, заливать (огонь, пламя)"
query,['kwiəri],вопрос
quicksilver,"['kwik,silvə]",ртуть
radiant heat,,"лучистая энергия, инфракрасное излучение"
radical economics,,"радикальная экономика (термин, обозначающий марксистские экономические учения, а также некоторые учения анархического характера)"
ragged robin,"['rægid,rоbin]","дрёма, кукушкин цвет"
raid,[reid],внезапное нападение; рейд; налёт; набег
random variable,,случайная переменная
range elevation,,установка прицела
rash promise,,опрометчивое обещание
ration book,['ræ∫(ə)nbuk],продовольственная или промтоварная книжка
raze,[reiz],разрушать до основания
rebellion,[ri'beliən],"восстание; бунт, мятеж"
reception area,"[ri'sep∫(ə)n,ɛəriə]",рецептурный отдел в аптеке
recess appointment,,межсессионное назначение (назначение на государственную должность в период между сессиями Сената)
reciprocal curve,,кривая обратной зависимости
reckless,['rekləs],"необдуманный, безрассудный; опрометчивый, беспечный"
recollect,"[,rek(ə)'lekt]","вспоминать, припоминать"
reconcile,['rek(ə)nsail],"мирить, помирить, примирить"
recount,"[,ri:'kaunt]","рассказывать, излагать подробно"
recruit,[ri'kru:t],"кто-л., недавно или только что причисленный к некоему определённому кругу"
recurring decimal,[ri'kə:riɳ'desim(ə)l],периодическая десятичная дробь
redeem,[ri'di:m],выкупать (заложенные вещи и т. п.); выплачивать (долг по закладной)
redoubtable,[ri'dautəbl],"страшный, грозный, устрашающий"
refine,[ri'fain],"очищать (от примесей), рафинировать; повышать качество; облагораживать"
refurbish,"[,ri:'fə:bi∫]",подновлять; освежать; наводить блеск (на что-л.)
to refute a contention,,опровергать заявление
rehabilitate,"[,ri:hə'biliteit]",реабилитировать
rehearse,[ri'hə:s],репетировать; репетировать
reimburse,"[,ri:im'bə:s]","возвращать, возмещать, покрывать (сумму)"
NG,,Национальная гвардия (США)
release gear,[ri'li:sgiə],бомбосбрасыватель
relegate,['religeit],"переводить в низший разряд, класс; низводить"
reliable evidence,,надёжные доказательства; надёжные доказательства
relish,['reli∫],"(приятный) вкус, привкус, запах"
remedy,['remədi],"средство от болезни, лекарство"
reminisce,"[,remi'nis]","предаваться воспоминаниям, вспоминать прошлое"
remit,[ri'mit],прощать (обиду); отпускать (грехи)
remnant,['remnənt],остаток; остатки
remote access,,дистанционный доступ
remunerate,[ri'mju:n(ə)reit],"вознаграждать; компенсировать, оплачивать"
to render active,,"активировать, активизировать"
renounce,[ri'naun(t)s],отказываться (обычно путём формального заявления)
Ed,[ed],Эд (мужское имя)
repel,[ri'pel],"отбрасывать, отражать (атаку, нападение)"
repercussion,"[,ri:pə'k∧∫(ə)n]",отдача (после удара)
reproach,[ri'prəuʧ],"бранить; попрекать; укорять, упрекать"
reprobate,['reprəbeit],"негодяй, подлец"
veal,[vi:l],телятина
repugnance,[ri'p∧gnən(t)s],"отвращение, антипатия; нерасположение"
rescind,[ri'sind],"аннулировать, расторгать, отменять (закон, договор и т. п.)"
resent,[ri'zent],"негодовать, возмущаться; обижаться"
reserved character,,"молчаливость, скрытность"
residual,[ri'zidjuəl],остаточный
resolute,['rez(ə)lu:t],"непоколебимый, решительный, твёрдый"
resound,[ri'zaund],"громко звучать, раздаваться; оглашаться"
restless,['restləs],"беспокойный, неугомонный"
résumé,['rezju:mei],"резюме, краткое изложение сути (сказанного, прочитанного)"
resurrection man,,похититель трупов
retaliate,[ri'tælieit],"отвечать (на агрессию, обиду и т. п.); отплачивать, мстить"
reticent,['retis(ə)nt],"молчаливый, немногословный, неразговорчивый"
retraction,[ri'træk∫(ə)n],втягивание
retreat,[ri'tri:t],"отступать, отходить"
retroact,"[,retrəu'ækt]",двигаться в обратном направлении
reveal,[ri'vi:l],открывать; разоблачать
revere,[ri'viə],"уважать; чтить, почитать"
revoke,[ri'vəuk],"отменять, аннулировать (закон, приказ и т. п.); отзывать, объявлять недействительным"
riddle,['ridl],загадка; трудная проблема
rigour,['rigə],"строгость, суровость"
to rip and tear,,"бесноваться, неистовствовать, рвать и метать"
ripe old age,,"почтенный возраст, зрелый возраст"
risky,['riski],"опасный, рискованный"
roam,[rəum],"бродить, путешествовать, скитаться, странствовать"
rotundity,[rə't∧ndəti],округлённость
rough and ready,,"сделанный небрежно, наспех (но такой, что может успешно использоваться по назначению) 2) грубый, но эффективный (о способе, образе действия, приёмах и т. п.) 3) бесцеремонный, невежливый, неучтивый, резкий"
route leg,,этап маршрута
rudiment,"['ru:dimənt, 'ru:dəmənt]","начальные знания, основы"
rugged country,,пересечённая местность
rummage sale,['r∧miʤ'seil],распродажа невостребованных товаров
rumour,['ru:mə],"молва, слух, слушок, слухи, толки"
rural dean,,благочинный; благочинный
salvage,['sælviʤ],спасение имущества (при кораблекрушении или пожаре)
sanction,['sæɳ(k)(∫)(ə)n],"официальное одобрение, разрешение, поддержка (чего-л.)"
sanctuary,['sæɳ(k)ʧuəri],"святилище (храм, церковь)"
sanguine,['sæɳgwin],сангвинический (о темпераменте)
saturate,['sæʧ(ə)reit],(saturate with)
CY,,календарный год
scan,[skæn],through бегло просматривать (текст)
scant,[skænt],"скудный, недостаточный; ограниченный"
scarce,[skɛəs],"недостаточный, скудный"
scatter cushion,,декоративная подушка
scattered showers,,местами проливные дожди
scent out,,"разузнать, пронюхать"
scholarly,['skоləli],учёный; свойственный учёным
scorch out,,сжигать дотла
scorn,[sko:n],"презрение, пренебрежение"
rap group,,"дискуссионный кружок, который собирается для обсуждения личных проблем участников"
scribble,['skribl],писать быстро и небрежно
Ouse,[u:z],Уз (река в Англии)
scrutinize,['skru:tinaiz],"внимательно всматриваться, пристально разглядывать"
seasoned eye,,намётанный глаз
secluded spot,,уединённое место
second(-)hand bookseller,,букинист
sedition,[si'di∫(ə)n],"подстрекательство к мятежу, бунту"
seduction,[si'd∧k∫(ə)n],обольщение
seemly,['si:mli],"подобающий, приличествующий, приличный"
self-reliant,"[,selfri'laiənt]","уверенный в своих силах, в себе"
sensational,[sen'sei∫(ə)n(ə)l],"чувственный, основанный на ощущениях"
sentinel,['sentin(ə)l],sentry
sequential,[si'kwen(t)∫(ə)l],являющийся продолжением; следующий
sequester,[si'kwestə],"изолировать (кого-л.), отделять"
serene,[si'ri:n],ясный; безоблачный
serpent,['sə:p(ə)nt],"змея (обычно большая), змей"
sever,['sevə],"отделять, разделять; разлучать, разъединять"
severe laceration,,тяжкие муки
shabby,['∫æbi],"поношенный; потрёпанный, потёртый (о вещах)"
shatter,['∫ætə],разбить вдребезги; раздробить
shimmer,['∫imə],мерцать
shiver,['∫ivə],"трепетать; дрожать, трястись (обычно от холода или страха)"
shortcoming,"[,∫o:t'k∧miɳ]","отсутствие, недостаток"
shred,[∫red],"клочок, кусочек, обрывок"
shrewd reasoning,,"тонкое, мудрое замечание"
shrill laughter,,визгливый смех
shun,[∫∧n],"беречься, избегать, остерегаться"
shy away,,"(shy away from) сторониться, избегать; уклоняться"
significant other,[sig'nifikənt'∧∂ə],"""вторая половина"", супруг(а)"
signify,['signifai],"значить, означать, обозначать; символизировать"
simulate,['simjəleit],"симулировать; притворяться, прикидываться; делать вид"
simultaneous interpreter,,синхронный переводчик
singular form,,форма единственного числа
sip,[sip],маленький глоток
sceptical,['skeptik(ə)l],скептический
sketch in,,"описать, изобразить более подробно, добавив (какие-л. детали и т. п.)"
sketchy records,,фрагментарные записи
skew curve,,"кривая в трёхмерном пространстве, не лежащая на какой-л. одной плоскости"
skid,[skid],"скаты, полоз, салазки, направляющий рельс"
skinny,['skini],"худой, тощий, кожа да кости"
slack away,,травить (канат)
slander,['sla:ndə],"злословие, клевета, клеветнические измышления; опорочивание"
slender purse,,бедность
slim down,,"уменьшать, сокращать (количество, объём)"
sluggish market,,"рынок, цены на котором движутся вяло"
sly,[slai],"коварный, ловкий, хитрый; пронырливый"
smoulder,['sməuldə],густое облако дыма
e contrario,,из противоположного; наоборот
snub nose,,курносый нос
soak off,,удалить с помощью замачивания
sojourn,['sоʤə:n],временное пребывание
solicit,[sə'lisit],"просить, упрашивать; умолять"
Er,,эрбий (порядковый номер в таблице Менделеева - 68)
sophisticated method,,"изощрённый, тонкий метод"
sophistry,['sоfistri],софистика
sort of,,отчасти
sound bite,,"короткий отрывок, фраза из речи политика (цитируемая по радио или телевидению)"
sovereign guarantee,,государственная гарантия
span of control,,"предельный объём ответственности (предельный объём единиц, находящихся в подчинении)"
Spartan,['spa:t(ə)n],"спартанский, относящийся к Спарте"
spawn,[spo:n],"икра (рыб, земноводных)"
specimen book,,каталог образцов
spectacular,[spek'tækjələ],производящий глубокое впечатление; впечатляющий; эффектный
spell down,,победить в конкурсе правописания
to spin a coin,,играть в орлянку
spirited,['spiritid],"живой, оживлённый, энергичный; яркий"
splash down,,приводниться (о космическом корабле)
splendid,['splendid],"роскошный, пышный, великолепный"
spoil,[spоil],(spoils) трофеи; (военная) добыча; награбленное
sporadic(al) disease,,единичное заболевание
spot broadcasting,,передача местной радиостанции
spouse,[spauz],"муж, супруг; жена, супруга"
spur gear,,прямозубое цилиндрическое зубчатое колесо; прямозубая цилиндрическая зубчатая передача
spurious,['spjuəriəs],"поддельный; подложный, фальшивый, фиктивный; ложный, иллюзорный"
squander,['skwоndə],расточительство; расточительство
stagnant,['stægnənt],"стоячий (о воде); застойный, застоявшийся"
stain,[stein],пятно
stale,[steil],"несвежий, чёрствый"
stall,[sto:l],стойло; конюшня
stately home,['steitli'həum],"старинный помещичий дом или замок, представляющий исторический интерес"
stationary air,,"воздух, остающийся в легких после нормального выдоха"
status quo,"[,steitəs'kwəu]","статус-кво, положение вещей; существующее или существовавшее положение"
staunch liberal,,убеждённый либерал
stealthy,['stelθi],"незаметный, скрытый, тайный"
steep,[sti:p],крутой
stentorian,[sten'to:riən],"громоподобный, зычный, громкий (о голосе)"
Rn,,радон (порядковый номер в таблице Менделеева - 86)
stifle,['staifl],душить
stifling,['staifliɳ],душный
still and all,,тем не менее
stoic,['stəuik],(Stoic) стоик (последователь философии стоицизма)
stout heart,,смелый человек
strenuous,['strenjuəs],"энергичный; активный, сильный; рьяный, усердный"
strife,[straif],"борьба; раздор, спор, соперничество"
strive,[straiv],"стараться, пытаться"
struggle along,,испытывать трудности в жизни
stubborn resistance,,упорное сопротивление
stumble,['st∧mbl],спотыкание; запинка; задержка
stun grenade,"['st∧ngri,neid]",свето-шумовая граната (с ослепляющим и оглушающим эффектом)
stupendous,[stju:'pendəs],громадный; огромной важности
sturdy,['stə:di],"прочный, крепкий"
sublime,[sə'blaim],"высочайший, величайший; совершенный, безупречный; безукоризненный"
submerge,[səb'mə:ʤ],"окунать; опускать, погружать под воду"
subsequent,['s∧bsikwənt],"более поздний, последующий, следующий"
subside,[səb'said],"опускаться, падать, понижаться, убывать"
subsidiary,[səb'sidi(ə)ri],второстепенный; вспомогательный
succumb,[sə'k∧m],(succumb to)
sullen mood,,мрачное настроение
summit conference,,"встреча глав правительств, конференция на высшем уровне"
sundry,['s∧ndri],"различный, разный"
superb,[su:'pə:b],великолепный
superficial acquaintance,,поверхностное знакомство
supplant,[sə'pla:nt],"выжить, вытеснить; занять (чьё-л.) место (особ. хитростью)"
supple Tam,,марионетка
supplicate,['s∧plikeit],"молить, просить, умолять, упрашивать"
surfeit,['sə:fit],"излишество, неумеренность (особенно в пище и питье)"
surge,[sə:ʤ],большая волна; волны
surly,['sə:li],"угрюмый, сердитый; грубый"
surmise,[sə'maiz],"догадка, подозрение, предположение"
surpass,[sə'pa:s],"превосходить, превышать"
suspend,[sə'spend],"вешать, подвешивать"
to sway back and forth,,качаться из стороны в сторону
sweeping accusation,,"обвинение всех без разбора, огульное обвинение"
swift of foot,,быстроногий
swivel gun,['swiv(ə)lg∧n],орудие на вертлюжной установке
sybaritic,"[,sib(ə)'ritik]",сибаритский; изнеженный
synagogue,['sinəgоg],синагога
synopsis,[si'nоpsis],"конспект, краткий обзор; синопсис"
synthesize,['sinθəsaiz],синтезировать
taciturn,['tæsitə:n],молчаливый; неразговорчивый
tact,[tækt],"такт, тактичность"
tactic,['tæktik],относящийся к расположению
taint,[teint],пятно
tale,[teil],рассказ; сказка
tame,[teim],"приручённый, одомашненный; укрощённый (о животных)"
tangle,['tæɳgl],спутанный клубок
tantalize,['tænt(ə)laiz],"манить, соблазнять, дразнить, мучить; подвергать танталовым мукам"
tantamount,['tæntəmaunt],"эквивалентный, равносильный, равноценный"
tardy,['ta:di],медлительный
tarnish,['ta:ni∫],тусклость
tart words,,колкости
taunt,[to:nt],"насмешка, язвительное замечание"
tautology,[to:'tоləʤi],"повторение, тавтология"
tawdry,['to:dri],"мишурный, кричаще безвкусный"
taxonomy,[tæk'sоnəmi],"систематика, таксономия"
tease number,,стриптиз
tedious,['ti:diəs],"нудный, скучный, утомительный"
telling blow,,точный удар; удар в цель
temperate zone,,зона умеренного климата; умеренный пояс
tempting,['tem(p)tiɳ],"заманчивый, привлекательный, соблазнительный"
tender age,,"ранний возраст, нежный возраст"
tenor,['tenə],"направление, течение; движение, развитие"
tentative itinerary,,пробный маршрут
tepid,['tepid],"тепловатый, чуть тёплый, почти холодный"
ternary time,,трёхдольный размер
tether,['te∂ə],привязь (для пасущегося животного)
thaw,[θo:],оттепель; таяние
thermal capacity,['θə:m(ə)lkə'pæsiti],теплоёмкость
thorough bass,['θ∧rəbeis],генерал-бас
thoroughfare,['θ∧rəfɛə],"оживлённая улица; главная артерия (города), главная дорога"
thrifty,['θrifti],"бережливый, расчётливый, экономный"
thrilling,['θriliɳ],"волнующий, захватывающий"
thrive,[θraiv],"благоденствовать, преуспевать, процветать"
tidings,['taidiɳz],"известия, новости, вести"
tilt hammer,"['tilt,hæmə]",хвостовой молот
timid,['timid],робкий; застенчивый
tint,[tint],"краска; окраска, оттенок, расцветка, тон"
tiresome,['taiəsəm],"утомительный, изнурительный"
toil,[tоil],тяжёлый труд
tolerant,['tоl(ə)r(ə)nt],"терпимый, относящийся терпимо, толерантный"
torpid,['to:pid],"онемелый, оцепеневший"
torrent,['tоr(ə)nt],стремительный поток
torture,['to:ʧə],пытка
tow,[təu],"бечева; буксирный канат, трос; буксир"
towering,['tauəriɳ],"высокий, вздымающийся; возвышающийся"
toxic gas,,отравляющий газ
trailblazer,"['treil,bleizə]","новатор, пионер"
trajectory,[trə'ʤekt(ə)ri],траектория
transmute,[trænz'mju:t],"изменяться, превращаться, преобразовываться"
entablature,[en'tæbləʧə],антаблемент
transpose,[træn'spəuz],"переносить, перемещать"
to traverse a subject,,обсудить вопрос
treacherous,['treʧ(ə)rəs],"вероломный, изменнический, предательский"
tremendous,[tri'mendəs],"огромный, гигантский, громадный"
tremor,['tremə],tremble 1.
trepidation,"[,trepi'dei∫(ə)n]","трепет, дрожь; дрожание"
tribunal of arbitrators,,"третейский суд, арбитраж"
trickle,['trikl],"течь тонкой струйкой, сочиться; капать"
to trigger a rifle,,спустить курок ружья; спустить курок ружья
trivial issues,,пустяки
trying plane,['traiiɳplein],фуганок
to tug at the oars,,быть рабом на галерах
tumble,['t∧mbl],"tumble down, = tumble offпадать;спотыкаться"
tumultuous,[tju:'m∧lʧuəs],"шумный, буйный, бурный"
turbulent,['tə:bjulənt],"бурный, бушующий"
ultimate analysis,,элементарный анализ
unattended,"[,∧nə'tendid]",без сопровождения; без свиты
unbearable,[∧n'bɛərəbl],"невыносимый, нетерпимый"
uncanny,[∧n'kæni],"сверхъестественный, необъяснимый, странный"
uncouth,[∧n'ku:θ],"грубый, неотёсанный"
undercover work,,шпионская деятельность
undergo,"[,∧ndə'gəu]","испытывать, переносить"
underlying form,,внутренняя форма
undertake,"[,∧ndə'teik]","предпринимать, совершать"
undulate,['∧ndjəleit],"волнистый, волнообразный"
unerring,[∧n'ə:riɳ],"безошибочный, верный; непогрешимый"
ungainly,[∧n'geinli],"неловкий, нескладный, неуклюжий"
uniform prices,,единые цены
unique feature,,особенность конструкции или модели
universal joint,,"гибкое соединение,кардан, универсальный шарнир"
unquenchable thirst,,неутолимая жажда
unruly,[∧n'ru:li],"буйный, непокорный, непослушный, несдержанный"
unscathed,[∧n'skei∂d],"невредимый, неповреждённый"
unsound,[∧n'saund],"болезненный; больной, нездоровый; страдающий от ран"
uphold,[∧p'həuld],"поддерживать, помогать"
upkeep,['∧pki:p],"содержание в рабочем состоянии; уход, обслуживание; ремонт"
roar down,,перекричать; заглушать криком
uptight,[∧p'tait],"встревоженный, взволнованный"
urgent reason,,"веский довод, веская причина"
urinary,['juərin(ə)ri],мочевой
usurp,[ju:'zə:p],"узурпировать, незаконно захватывать; узурпировать, незаконно захватывать"
utter barrister,,"адвокат, не имеющий звания королевского адвоката и выступающий в суде ""за барьером"""
vacant possession,,"""свободное помещение, готовое для въезда"" (объявление)"
vacuous,['vækjuəs],"пустой, незаполненный"
vague notion,,"неопределённое, слабое понятие, представление"
vain,[vein],"тщеславный; самодовольный, самовлюблённый, полный самомнения"
valiant resistance,,героическое сопротивление
valid reason,,"веский довод, веская причина"
vanguard,['vænga:d],"головной отряд, авангард"
vanish,['væni∫],исчезать
vanity bag,"['vænəti,bæg]",косметичка; сумочка для косметики
variable life policy,,"открытый полис страхования жизни (сочетает свойства срочного и бессрочного страхования; страхователь может изменять размер выплачиваемой премии и размер суммы, выплачиваемой в случае смерти, самостоятельно распоряжаться инвестиционной частью страховой суммы и выбирать инвестиционные инструменты под свою ответственность)"
variation,"[,vɛəri'ei∫(ə)n]","изменение, варьирование; колебание"
vast majority,,"подавляющее, абсолютное большинство (более 50 % голосов)"
vaunt,[vo:nt],хвастовство
vehemence,['vi:əmən(t)s],"сила; горячность, страстность"
vein,[vein],вена; кровеносный сосуд
venerate,['ven(ə)reit],"благоговеть (перед кем-л.), чтить (кого-л.)"
venereal,[və'niəriəl],венерический
venomous,['venəməs],ядовитый
venue,['venju:],"место проведения (мероприятия, встречи)"
verbose,[və:'bəus],многословный
verify,['verifai],"проверять, контролировать"
versatile,['və:sətail],"многосторонний, многогранный, разносторонний"
vessel,['ves(ə)l],сосуд (для жидкости)
vigorous,['vig(ə)rəs],"сильный, энергичный; решительный"
vindicate,['vindikeit],доказывать
visceral divination,,гадание на внутренностях
vital capacity,,"жизнеспособность; жизненность, жизнестойкость"
vivid,['vivid],яркий
vogue,[vəug],мода
voluptuous,[və'l∧pʧuəs],"чувственный; сладострастный, сластолюбивый"
wade in,,"вступить (в спор, дискуссию, борьбу); ввязаться (в разговор)"
to wag one's finger at smb.,,грозить кому-л. пальцем
wage cut,['weiʤk∧t],снижение заработной платы
wail,[weil],продолжительный скорбный крик; вопль
walkout,['wo:kaut],"забастовка, стачка"
wan,[wоn],"бледный, изнурённый; болезненный"
to wander away,,"уходить, убегать, сбегать"
wane,[wein],"спад, упадок"
ward heeler,,мальчик на побегушках
ware,[wɛə],"обычно wares товары, продукты производства"
waxy,['wæksi],восковой
weary,['wiəri],"усталый, изнурённый, утомлённый"
well-to-do,"[,weltə'du:]","богатый, зажиточный, обеспеченный, состоятельный"
wholesome,['həuls(ə)m],полезный; благотворный; дающий хорошие результаты
wicked,['wikid],"злой, злобный; безнравственный"
widespread notion,,широко распространённое мнение
wile,[wail],"хитрость, уловка; приём, ухищрение"
winsome,['winsəm],"приятный, миловидный; обаятельный, располагающий к себе; детски непосредственный"
wise guy,['waizgai],"умник, всезнайка"
to withdraw a franchise,,лишать лицензии
wither,['wi∂ə],"вянуть, сохнуть; блёкнуть, высыхать, увядать; вянуть, сохнуть; блёкнуть, высыхать, увядать"
withstand,[wi∂'stænd],"устоять (перед чем-л.), выдержать (что-л.); противостоять, не поддаваться (чему-л.)"
witty remark,,остроумное замечание
Woe be to him!,,Будь он проклят!
wonder,['w∧ndə],"удивление, изумление"
wound,[wu:nd],рана; ранение
wrinkle,['riɳkl],морщина; складка
to yield a point,,сделать уступку (в споре)
zealous,['zeləs],"рьяный, усердный"
zenith distance,['zeniθdist(ə)n(t)s],угловое расстояние (небесного тела) от зенита; зенитное расстояние
zone,[zəun],"зона, пояс, полоса; область, район"
abundant,[ə'b∧ndənt],"обильный, богатый, изобилующий"
accurate,['ækjərət],"верный, правильный, точный"
acute,[ə'kju:t],"остроконечный, острый"
adjacent,[ə'ʤeis(ə)nt],"расположенный рядом, смежный, соседний (to)"
adverse,['ædvə:s],враждебный
aggregate,['ægrigət],"множество, совокупность, скопление"
agrarian,[ə'grɛəriən],"аграрный, земельный; земледельческий; сельскохозяйственный"
amnesia,[æm'ni:ziə],"потеря памяти, амнезия"
annual,['ænjuəl],"ежегодный; годичный, годовой"
apparent,[ə'pær(ə)nt],"видимый, видный"
artificial,"[,a:ti'fi∫(ə)l]","искусственный, ненатуральный, неестественный"
auditory,['o:dit(ə)ri],слуховой
authentic,[o:'θentik],"аутентичный, истинный, настоящий, подлинный, неподдельный"
bachelor,['bæʧ(ə)lə],холостяк
bare,[bɛə],"голый, нагой, обнажённый"
barren,['bær(ə)n],"бесплодный, нерепродуктивный (о человеке; животном)"
barter,['ba:tə],"бартер, меновая торговля; товарообмен"
beam,[bi:m],луч
bellicose,['belikəus],"воинственный, воинствующий; агрессивный, враждебный"
bilateral,[bai'læt(ə)r(ə)l],двусторонний
blatant,['bleit(ə)nt],"вульгарный, крикливый"
blunder,['bl∧ndə],"грубая ошибка; промах, просчёт"
brace,[breis],"связь; скоба, скрепа; подпорка, распорка; ремень, перевязь"
breathtaking,"['breθ,teikiɳ]","захватывающий, изумительный, поразительный, потрясающий, удивительный, умопомрачительный, бесподобный, фантастический (об опыте, переживании)"
breeze,[bri:z],"лёгкий ветерок, бриз"
casual,['kæƷwəl],"случайный, бессистемный, нерегулярный"
cavity,['kævəti],"впадина; котловина, яма; каверна; полость, дупло (в зубе)"
census,['sen(t)səs],перепись; сбор сведений
clandestine,[klæn'destin],"тайный, скрытый, секретный; нелегальный"
coalition,[kəuə'li∫(ə)n],"объединение, соединение, комбинация"
coherent,[kə(u)'hiər(ə)nt],"сцепленный, связанный"
commitment,[kə'mitmənt],обязательство
commodity,[kə'mоdəti],предмет потребления
competent,['kоmpit(ə)nt],"осведомлённый, сведущий"
compulsory,[kəm'p∧ls(ə)ri],принудительный; насильственный; обязательный
confidential,"[,kоnfi'den(t)∫(ə)l]","частный, личный"
contempt,[kən'tempt],презрение (к кому-л.)
crucial,['kru:∫(ə)l],"ключевой; критический, решающий"
crude,[kru:d],сырая нефть
defective,[di'fektiv],"имеющий недостатки, дефекты, дефектный"
deliberate,[di'lib(ə)rit],"неслучайный, тщательно спланированный, взвешенный"
delicate,['delikit],"изысканный, тонкий, утончённый"
device,[di'vais],"устройство, приспособление; механизм; аппарат, машина, прибор"
elasticity,"[,ilæs'tisəti]",эластичность; упругость
endorse,[in'do:s],расписываться на обороте документа
equitable,['ekwitəbl],"беспристрастный, непредубеждённый, объективный, справедливый"
escalate,['eskəleit],подниматься на эскалаторе; перемещаться на эскалаторе
essential,[i'sen(t)∫(ə)l],"внутренне присущий, неотъемлемый; затрагивающий сущность"
explicit,[ik'splisit],"ясный, подробный; подробно разработанный; высказанный до конца; явный; определённый, точный"
extraneous,[ik'streiniəs],"внешний, поступающий извне; посторонний, чуждый"
facile,['fæsail],"лёгкий, легко обретённый, легко достижимый"
famine,['fæmin],голод (стихийное бедствие)
fatigue,[fə'ti:g],"усталость, утомление"
consecutive,[kən'sekjutiv],последовательный; консекутивный; (непрерывно) следующий друг за другом
cordial,['ko:diəl],"сердечный, задушевный, тёплый, радушный"
crooked,['krukid],"изогнутый, кривой"
edible,['edibl],съедобный; годный в пищу
efface,[i'feis],"стирать, вычёркивать, удалять, отбрасывать; изглаживать"
facility,[fə'siləti],"возможность, благоприятные условия; льготы"
flexible,['fleksəbl],"гибкий; гнущийся; мягкий, эластичный"
fusion,['fju:Ʒ(ə)n],плавка; расплавление
harness,"['ha:nis, 'ha:nəs]","упряжь, сбруя"
harsh,[ha:∫],"жёсткий, твёрдый, грубый, неприятный (на ощупь); шершавый, шероховатый; зазубренный"
hasty,['heisti],"быстрый, скорый, стремительный"
imminent,['iminənt],"надвигающийся, неотвратимый, неизбежный, неминуемый (обычно об опасности, беде)"
immortal,[i'mo:t(ə)l],"вечный, бессмертный"
impartial,[im'pa:∫(ə)l],"беспристрастный, справедливый, непредубеждённый; непредвзятый, объективный"
impromptu,[im'prоmptju:],экспромт; импровизация
incandescent,"[,inkæn'des(ə)nt]","раскалённый, накалённый добела; получаемый от ламп накаливания (о свете)"
incentive,[in'sentiv],"побуждение, стимул"
instantaneous,"[,in(t)stən'teiniəs]","мгновенный; немедленный, незамедлительный"
interim,['int(ə)rim],промежуток времени
intractable,[in'træktəbl],"упрямый, неподатливый; непокорный"
latent,['leit(ə)nt],"скрытый, латентный, непроявившийся, в скрытом состоянии"
maiden,['meid(ə)n],"дева, девица, девушка"
malignant,[mə'lignənt],злобный; злостный; зловредный